商品類別,第一層,第二層,第三層,連結(全部商品)
常態商品,休閒,HOT / 熱門,TOP 上衣,https://www.mo-bo.com.tw/PDList2.asp?item1=01&item2=01&item3=01&ob=A&pageno=&pagex=all
常態商品,休閒,HOT / 熱門,TOP 下身,https://www.mo-bo.com.tw/PDList2.asp?item1=01&item2=01&item3=02&ob=A&pageno=&pagex=all
常態商品,休閒,HOT / 熱門,TOP 洋裝 / 連身類,https://www.mo-bo.com.tw/PDList2.asp?item1=01&item2=01&item3=03&ob=A&pageno=&pagex=all
常態商品,休閒,HOT / 熱門,TOP 其他類,https://www.mo-bo.com.tw/PDList2.asp?item1=01&item2=01&item3=04&ob=A&pageno=&pagex=all
常態商品,休閒,TOPS / 上衣類,上衣,https://www.mo-bo.com.tw/PDList2.asp?item1=01&item2=02&item3=01&ob=A&pageno=&pagex=all
常態商品,休閒,TOPS / 上衣類,背心,https://www.mo-bo.com.tw/PDList2.asp?item1=01&item2=02&item3=02&ob=A&pageno=&pagex=all
常態商品,休閒,TOPS / 上衣類,襯衫,https://www.mo-bo.com.tw/PDList2.asp?item1=01&item2=02&item3=03&ob=A&pageno=&pagex=all
常態商品,休閒,TOPS / 上衣類,外套,https://www.mo-bo.com.tw/PDList2.asp?item1=01&item2=02&item3=04&ob=A&pageno=&pagex=all
常態商品,休閒,TOPS / 上衣類,丹寧牛仔,https://www.mo-bo.com.tw/PDList2.asp?item1=01&item2=02&item3=05&ob=A&pageno=&pagex=all
常態商品,休閒,TOPS / 上衣類,雪紡 / 蕾絲,https://www.mo-bo.com.tw/PDList2.asp?item1=01&item2=02&item3=07&ob=A&pageno=&pagex=all
常態商品,休閒,BOTTOMS / 下身類,裙類,https://www.mo-bo.com.tw/PDList2.asp?item1=01&item2=03&item3=01&ob=A&pageno=&pagex=all
常態商品,休閒,BOTTOMS / 下身類,短褲,https://www.mo-bo.com.tw/PDList2.asp?item1=01&item2=03&item3=02&ob=A&pageno=&pagex=all
常態商品,休閒,BOTTOMS / 下身類,長褲,https://www.mo-bo.com.tw/PDList2.asp?item1=01&item2=03&item3=03&ob=A&pageno=&pagex=all
常態商品,休閒,BOTTOMS / 下身類,丹寧牛仔,https://www.mo-bo.com.tw/PDList2.asp?item1=01&item2=03&item3=04&ob=A&pageno=&pagex=all
常態商品,休閒,BOTTOMS / 下身類,內搭褲 / 假兩件,https://www.mo-bo.com.tw/PDList2.asp?item1=01&item2=03&item3=05&ob=A&pageno=&pagex=all
常態商品,休閒,BOTTOMS / 下身類,休閒 / 哈倫褲,https://www.mo-bo.com.tw/PDList2.asp?item1=01&item2=03&item3=06&ob=A&pageno=&pagex=all
常態商品,休閒,COVERALLS / 連身類,洋裝,https://www.mo-bo.com.tw/PDList2.asp?item1=01&item2=04&item3=01&ob=A&pageno=&pagex=all
常態商品,休閒,COVERALLS / 連身類,吊帶褲,https://www.mo-bo.com.tw/PDList2.asp?item1=01&item2=04&item3=03&ob=A&pageno=&pagex=all
常態商品,休閒,COVERALLS / 連身類,長版上衣,https://www.mo-bo.com.tw/PDList2.asp?item1=01&item2=04&item3=05&ob=A&pageno=&pagex=all
常態商品,休閒,其他類,休閒鞋,https://www.mo-bo.com.tw/PDList2.asp?item1=01&item2=05&item3=01&ob=A&pageno=&pagex=all
常態商品,休閒,其他類,配件,https://www.mo-bo.com.tw/PDList2.asp?item1=01&item2=05&item3=02&ob=A&pageno=&pagex=all
常態商品,休閒,其他類,抱枕,https://www.mo-bo.com.tw/PDList2.asp?item1=01&item2=05&item3=03&ob=A&pageno=&pagex=all
常態商品,都會,HOT / 熱門,TOP 上衣,https://www.mo-bo.com.tw/PDList2.asp?item1=02&item2=01&item3=01&ob=A&pageno=&pagex=all
常態商品,都會,HOT / 熱門,TOP 下身,https://www.mo-bo.com.tw/PDList2.asp?item1=02&item2=01&item3=02&ob=A&pageno=&pagex=all
常態商品,都會,HOT / 熱門,TOP 洋裝 / 連身類,https://www.mo-bo.com.tw/PDList2.asp?item1=02&item2=01&item3=03&ob=A&pageno=&pagex=all
常態商品,都會,HOT / 熱門,TOP 其他類,https://www.mo-bo.com.tw/PDList2.asp?item1=02&item2=01&item3=04&ob=A&pageno=&pagex=all
常態商品,都會,TOPS / 上衣類,上衣,https://www.mo-bo.com.tw/PDList2.asp?item1=02&item2=02&item3=01&ob=A&pageno=&pagex=all
常態商品,都會,TOPS / 上衣類,背心,https://www.mo-bo.com.tw/PDList2.asp?item1=02&item2=02&item3=02&ob=A&pageno=&pagex=all
常態商品,都會,TOPS / 上衣類,襯衫,https://www.mo-bo.com.tw/PDList2.asp?item1=02&item2=02&item3=03&ob=A&pageno=&pagex=all
常態商品,都會,TOPS / 上衣類,外套,https://www.mo-bo.com.tw/PDList2.asp?item1=02&item2=02&item3=04&ob=A&pageno=&pagex=all
常態商品,都會,BOTTOMS / 下身類,裙類,https://www.mo-bo.com.tw/PDList2.asp?item1=02&item2=03&item3=01&ob=A&pageno=&pagex=all
常態商品,都會,BOTTOMS / 下身類,短褲,https://www.mo-bo.com.tw/PDList2.asp?item1=02&item2=03&item3=02&ob=A&pageno=&pagex=all
常態商品,都會,BOTTOMS / 下身類,長褲,https://www.mo-bo.com.tw/PDList2.asp?item1=02&item2=03&item3=03&ob=A&pageno=&pagex=all
常態商品,都會,BOTTOMS / 下身類,丹寧牛仔,https://www.mo-bo.com.tw/PDList2.asp?item1=02&item2=03&item3=04&ob=A&pageno=&pagex=all
常態商品,都會,COVERALLS / 連身類,洋裝,https://www.mo-bo.com.tw/PDList2.asp?item1=02&item2=04&item3=01&ob=A&pageno=&pagex=all
常態商品,都會,COVERALLS / 連身類,吊帶褲,https://www.mo-bo.com.tw/PDList2.asp?item1=02&item2=04&item3=02&ob=A&pageno=&pagex=all
常態商品,都會,COVERALLS / 連身類,長版上衣,https://www.mo-bo.com.tw/PDList2.asp?item1=02&item2=04&item3=03&ob=A&pageno=&pagex=all
常態商品,都會,OTHER / 其他類,鞋款,https://www.mo-bo.com.tw/PDList2.asp?item1=02&item2=05&item3=01&ob=A&pageno=&pagex=all
常態商品,都會,OTHER / 其他類,配件,https://www.mo-bo.com.tw/PDList2.asp?item1=02&item2=05&item3=02&ob=A&pageno=&pagex=all
常態商品,親子 ,MUMS x KIDS / 親子裝,上衣,https://www.mo-bo.com.tw/PDList2.asp?item1=03&item2=01&item3=01&ob=A&pageno=&pagex=all
常態商品,親子 ,MUMS x KIDS / 親子裝,背心,https://www.mo-bo.com.tw/PDList2.asp?item1=03&item2=01&item3=02&ob=A&pageno=&pagex=all
常態商品,親子 ,MUMS x KIDS / 親子裝,外套,https://www.mo-bo.com.tw/PDList2.asp?item1=03&item2=01&item3=03&ob=A&pageno=&pagex=all
常態商品,親子 ,MUMS x KIDS / 親子裝,下身,https://www.mo-bo.com.tw/PDList2.asp?item1=03&item2=01&item3=04&ob=A&pageno=&pagex=all
常態商品,親子 ,MUMS x KIDS / 親子裝,洋裝,https://www.mo-bo.com.tw/PDList2.asp?item1=03&item2=01&item3=05&ob=A&pageno=&pagex=all
常態商品,親子 ,MUMS x KIDS / 親子裝,配件,https://www.mo-bo.com.tw/PDList2.asp?item1=03&item2=01&item3=06&ob=A&pageno=&pagex=all
常態商品,折扣,彈力褲,二代彈力褲．2件698,https://www.mo-bo.com.tw/PDSale.asp?pi=09990048
常態商品,折扣,內搭褲,輕柔感彈力內搭褲2件398,https://www.mo-bo.com.tw/PDSale.asp?pi=09990106
常態商品,折扣,生活好T x 3D彈力褲,生活好T x 3D彈力褲 2入$398,https://www.mo-bo.com.tw/PDSale.asp?pi=09990192
常態商品,折扣,長版衣著,微熱春日 長版衣著 2入8折,https://www.mo-bo.com.tw/PDSale.asp?pi=09990193
